"1","00001","長和","长和"
"2","00002","中電控股","中电控股"
"3","00003","香港中華煤氣","香港中华煤气"
"4","00004","九龍倉集團","九龙仓集团"
"5","00005","匯豐控股","汇丰控股"
"6","00006","電能實業","电能实业"
"7","00007","凱富能源","凯富能源"
"8","00008","電訊盈科","电讯盈科"
"9","00009","九號運通","九号运通"
"10","00010","恒隆集團","恒隆集团"
"11","00011","恒生銀行","恒生银行"
"12","00012","恒基地產","恒基地产"
"13","00014","希慎興業","希慎兴业"
"14","00015","盈信控股","盈信控股"
"15","00016","新鴻基地產","新鸿基地产"
"16","00017","新世界發展","新世界发展"
"17","00018","東方報業集團","东方报业集团"
"18","00019","太古股份公司Ａ","太古股份公司Ａ"
"19","00020","會德豐","会德丰"
"20","00021","大中華地產控股","大中华地产控股"
"21","00022","茂盛控股","茂盛控股"
"22","00023","東亞銀行","东亚银行"
"23","00024","寶威控股","宝威控股"
"24","00025","CHEVALIER INT'L","CHEVALIER INT'L"
"25","00026","中華汽車","中华汽车"
"26","00027","銀河娛樂","银河娱乐"
"27","00028","天安","天安"
"28","00029","達力集團","达力集团"
"29","00030","萬隆控股集團","万隆控股集团"
"30","00031","航天控股","航天控股"
"31","00032","港通控股","港通控股"
"32","00033","亞投金融集團","亚投金融集团"
"33","00034","九龍建業","九龙建业"
"34","00035","遠東發展","远东发展"
"35","00036","遠東控股國際","远东控股国际"
"36","00037","遠東酒店實業","远东酒店实业"
"37","00038","第一拖拉機股份","第一拖拉机股份"
"38","00039","中國北大荒","中国北大荒"
"39","00040","金山工業","金山工业"
"40","00041","鷹君","鹰君"
"41","00042","東北電氣","东北电气"
"42","00043","卜蜂國際","卜蜂国际"
"43","00044","香港飛機工程","香港飞机工程"
"44","00045","大酒店","大酒店"
"45","00046","科聯系統","科联系统"
"46","00047","合興集團","合兴集团"
"47","00048","中國汽車內飾","中国汽车内饰"
"48","00050","香港小輪（集團）","香港小轮（集团）"
"49","00051","海港企業","海港企业"
"50","00052","FAIRWOOD HOLD","FAIRWOOD HOLD"
"51","00053","國浩集團","国浩集团"
"52","00054","合和實業","合和实业"
"53","00055","中星集團控股","中星集团控股"
"54","00056","聯合地產（香港）","联合地产（香港）"
"55","00057","震雄集團","震雄集团"
"56","00058","新威國際","新威国际"
"57","00059","天譽置業","天誉置业"
"58","00060","香港食品投資","香港食品投资"
"59","00061","北亞資源","北亚资源"
"60","00062","載通","载通"
"61","00063","中國烯谷集團","中国烯谷集团"
"62","00064","結好控股","结好控股"
"63","00065","弘海高新資源","弘海高新资源"
"64","00066","港鐵公司","港铁公司"
"65","00067","旭光高新材料","旭光高新材料"
"66","00068","利興發展","利兴发展"
"67","00069","香格里拉（亞洲）","香格里拉（亚洲）"
"68","00070","海王集團","海王集团"
"69","00071","美麗華酒店","美丽华酒店"
"70","00072","現代傳播","现代传播"
"71","00073","亞洲果業","亚洲果业"
"72","00075","渝太地產","渝太地产"
"73","00076","南海石油","南海石油"
"74","00077","進智公共交通","进智公共交通"
"75","00078","REGAL INT'L","REGAL INT'L"
"76","00079","世紀建業","世纪建业"
"77","00081","中國海外宏洋集團","中国海外宏洋集团"
"78","00082","第一視頻","第一视频"
"79","00083","信和置業","信和置业"
"80","00084","寶光實業","宝光实业"
"81","00085","中國電子","中国电子"
"82","00086","新鴻基公司","新鸿基公司"
"83","00087","太古股份公司Ｂ","太古股份公司Ｂ"
"84","00088","TAI CHEUNG HOLD","TAI CHEUNG HOLD"
"85","00089","大生地產","大生地产"
"86","00090","琥珀能源","琥珀能源"
"87","00091","標準資源控股","标准资源控股"
"88","00092","CHAMPION TECH","CHAMPION TECH"
"89","00093","TERMBRAY IND","TERMBRAY IND"
"90","00094","綠心集團","绿心集团"
"91","00095","綠景中國地產","绿景中国地产"
"92","00096","ＹＵＳＥＩ","ＹＵＳＥＩ"
"93","00097","恒基發展","恒基发展"
"94","00098","興發鋁業","兴发铝业"
"95","00099","王氏國際","王氏国际"
"96","00100","白馬戶外媒體","白马户外媒体"
"97","00101","恒隆地產","恒隆地产"
"98","00102","凱升控股","凯升控股"
"99","00103","首長寶佳","首长宝佳"
"100","00104","ASIA COMM HOLD","ASIA COMM HOLD"
"101","00105","凱聯國際酒店","凯联国际酒店"
"102","00106","朗詩綠色地產","朗诗绿色地产"
"103","00107","四川成渝高速公路","四川成渝高速公路"
"104","00108","國銳地產","国锐地产"
"105","00109","天成國際","天成国际"
"106","00110","中國長遠","中国长远"
"107","00111","信達國際控股","信达国际控股"
"108","00112","勒泰商業地產","勒泰商业地产"
"109","00113","迪生創建","迪生创建"
"110","00114","HERALD HOLD","HERALD HOLD"
"111","00115","鈞濠集團","钧濠集团"
"112","00116","周生生","周生生"
"113","00117","天利控股集團","天利控股集团"
"114","00118","大同機械","大同机械"
"115","00119","保利置業集團","保利置业集团"
"116","00120","COSMOPOL INT'L","COSMOPOL INT'L"
"117","00121","卜蜂蓮花","卜蜂莲花"
"118","00122","鱷魚恤","鳄鱼恤"
"119","00123","越秀地產","越秀地产"
"120","00124","粵海置地","粤海置地"
"121","00125","新興光學","新兴光学"
"122","00126","佳寧娜","佳宁娜"
"123","00127","華人置業","华人置业"
"124","00128","安寧控股","安宁控股"
"125","00129","泛海集團","泛海集团"
"126","00130","慕詩國際","慕诗国际"
"127","00131","卓能（集團）","卓能（集团）"
"128","00132","中國興業控股","中国兴业控股"
"129","00135","昆侖能源","昆仑能源"
"130","00136","恒騰網絡","恒腾网络"
"131","00137","金輝集團","金辉集团"
"132","00138","中建富通","中建富通"
"133","00139","中國軟實力","中国软实力"
"134","00141","大中華集團","大中华集团"
"135","00142","第一太平","第一太平"
"136","00143","GLOBAL TECH","GLOBAL TECH"
"137","00144","招商局港口","招商局港口"
"138","00145","香港建屋貸款","香港建屋贷款"
"139","00146","TAI PING CARPET","TAI PING CARPET"
"140","00147","國際商業結算","国际商业结算"
"141","00148","建滔化工","建滔化工"
"142","00149","中國農產品交易","中国农产品交易"
"143","00151","中國旺旺","中国旺旺"
"144","00152","深圳國際","深圳国际"
"145","00153","中國賽特","中国赛特"
"146","00154","北京控股環境集團","北京控股环境集团"
"147","00155","中國源暢","中国源畅"
"148","00156","力寶華潤","力宝华润"
"149","00157","自然美","自然美"
"150","00158","萬邦投資","万邦投资"
"151","00159","布萊克萬礦業","布莱克万矿业"
"152","00160","漢國置業","汉国置业"
"153","00161","中航國際控股","中航国际控股"
"154","00162","世紀金花","世纪金花"
"155","00163","英皇國際","英皇国际"
"156","00164","中國寶力科技","中国宝力科技"
"157","00165","中國光大控股","中国光大控股"
"158","00166","新時代能源","新时代能源"
"159","00167","IDT INT'L","IDT INT'L"
"160","00168","青島啤酒股份","青岛啤酒股份"
"161","00169","萬達酒店發展","万达酒店发展"
"162","00171","銀建國際","银建国际"
"163","00172","金榜集團","金榜集团"
"164","00173","嘉華國際","嘉华国际"
"165","00174","盛洋投資","盛洋投资"
"166","00175","吉利汽車","吉利汽车"
"167","00176","聯太工業","联太工业"
"168","00177","江蘇寧滬高速公路","江苏宁沪高速公路"
"169","00178","莎莎國際","莎莎国际"
"170","00179","德昌電機控股","德昌电机控股"
"171","00180","開達集團","开达集团"
"172","00181","閩港控股","闽港控股"
"173","00182","協合新能源","协合新能源"
"174","00183","宏輝集團","宏辉集团"
"175","00184","激成投資","激成投资"
"176","00185","正恒國際控股","正恒国际控股"
"177","00186","GRANDE HOLDINGS","GRANDE HOLDINGS"
"178","00187","京城機電股份","京城机电股份"
"179","00188","新華匯富金融","新华汇富金融"
"180","00189","東岳集團","东岳集团"
"181","00190","香港建設（控股）","香港建设（控股）"
"182","00191","麗新國際","丽新国际"
"183","00193","冠中地產","冠中地产"
"184","00194","廖創興企業","廖创兴企业"
"185","00195","利海資源","利海资源"
"186","00196","宏華集團","宏华集团"
"187","00197","亨泰","亨泰"
"188","00198","星美控股","星美控股"
"189","00199","德祥地產","德祥地产"
"190","00200","新濠國際發展","新濠国际发展"
"191","00201","華大酒店","华大酒店"
"192","00202","潤中國際控股","润中国际控股"
"193","00205","財訊傳媒","财讯传媒"
"194","00206","ＴＳＣ集團","ＴＳＣ集团"
"195","00207","大悅城地產","大悦城地产"
"196","00208","保利達資產","保利达资产"
"197","00209","瀛晟科學","瀛晟科学"
"198","00210","達芙妮國際","达芙妮国际"
"199","00211","STYLAND HOLD","STYLAND HOLD"
"200","00212","NANYANG HOLD","NANYANG HOLD"
"201","00213","NATIONAL ELEC H","NATIONAL ELEC H"
"202","00214","匯漢控股","汇汉控股"
"203","00215","和記電訊香港","和记电讯香港"
"204","00216","建業實業","建业实业"
"205","00217","中國誠通發展集團","中国诚通发展集团"
"206","00218","申萬宏源","申万宏源"
"207","00219","順豪物業","顺豪物业"
"208","00220","統一企業中國","统一企业中国"
"209","00221","易易壹金融","易易壹金融"
"210","00222","閩信集團","闽信集团"
"211","00223","易生活控股","易生活控股"
"212","00224","建生國際","建生国际"
"213","00225","博富臨置業","博富临置业"
"214","00226","力寶","力宝"
"215","00227","第一上海","第一上海"
"216","00228","中能控股","中能控股"
"217","00229","利民實業","利民实业"
"218","00230","五礦地產","五矿地产"
"219","00231","平安證券集團控股","平安证券集团控股"
"220","00232","中國航空工業國際","中国航空工业国际"
"221","00233","銘源醫療","铭源医疗"
"222","00234","新世紀集團","新世纪集团"
"223","00235","中策集團","中策集团"
"224","00236","香港生力啤","香港生力啤"
"225","00237","安全貨倉","安全货仓"
"226","00238","長興國際","长兴国际"
"227","00239","白花油","白花油"
"228","00240","利基控股","利基控股"
"229","00241","阿里健康","阿里健康"
"230","00242","信德集團","信德集团"
"231","00243","QPL INT'L","QPL INT'L"
"232","00244","先施","先施"
"233","00245","中國民生金融","中国民生金融"
"234","00246","瑞金礦業","瑞金矿业"
"235","00247","TST PROPERTIES","TST PROPERTIES"
"236","00248","香港通訊國際控股","香港通讯国际控股"
"237","00250","中國數碼信息","中国数码信息"
"238","00251","爪哇控股","爪哇控股"
"239","00252","華信地產財務","华信地产财务"
"240","00253","順豪控股","顺豪控股"
"241","00254","國家聯合資源","国家联合资源"
"242","00255","龍記集團","龙记集团"
"243","00256","冠城鐘錶珠寶","冠城钟表珠宝"
"244","00257","中國光大國際","中国光大国际"
"245","00258","湯臣集團","汤臣集团"
"246","00259","億都（國際控股）","亿都（国际控股）"
"247","00260","幸福控股","幸福控股"
"248","00261","中建置地","中建置地"
"249","00262","迪臣發展國際","迪臣发展国际"
"250","00263","高富集團控股","高富集团控股"
"251","00264","中璽國際","中玺国际"
"252","00265","東勝中國","东胜中国"
"253","00266","天德地產","天德地产"
"254","00267","中信股份","中信股份"
"255","00268","金蝶國際","金蝶国际"
"256","00269","中國資源交通","中国资源交通"
"257","00270","粵海投資","粤海投资"
"258","00271","丹楓控股","丹枫控股"
"259","00272","瑞安房地產","瑞安房地产"
"260","00273","民信金控","民信金控"
"261","00274","中富資源","中富资源"
"262","00275","凱華集團","凯华集团"
"263","00276","蒙古能源","蒙古能源"
"264","00277","太興置業","太兴置业"
"265","00278","華廈置業","华厦置业"
"266","00279","民眾金融科技","民众金融科技"
"267","00280","景福集團","景福集团"
"268","00281","川河集團","川河集团"
"269","00282","壹傳媒","壹传媒"
"270","00283","高銀地產","高银地产"
"271","00285","比亞迪電子","比亚迪电子"
"272","00286","同佳健康","同佳健康"
"273","00287","永發置業","永发置业"
"274","00288","萬洲國際","万洲国际"
"275","00289","WING ON CO","WING ON CO"
"276","00290","中國富強金融","中国富强金融"
"277","00291","華潤啤酒","华润啤酒"
"278","00292","泛海酒店","泛海酒店"
"279","00293","國泰航空","国泰航空"
"280","00294","長江製衣","长江制衣"
"281","00295","江山控股","江山控股"
"282","00296","英皇娛樂酒店","英皇娱乐酒店"
"283","00297","中化化肥","中化化肥"
"284","00298","莊士中國","庄士中国"
"285","00299","新體育","新体育"
"286","00300","昆明機床","昆明机床"
"287","00303","VTECH HOLDINGS","VTECH HOLDINGS"
"288","00305","五菱汽車","五菱汽车"
"289","00306","冠忠巴士集團","冠忠巴士集团"
"290","00307","優派能源發展","优派能源发展"
"291","00308","香港中旅","香港中旅"
"292","00309","新華通訊頻媒","新华通讯频媒"
"293","00311","聯泰控股","联泰控股"
"294","00312","歲寶百貨","岁宝百货"
"295","00313","裕田中國","裕田中国"
"296","00315","數碼通電訊","数码通电讯"
"297","00316","東方海外國際","东方海外国际"
"298","00317","中船防務","中船防务"
"299","00318","黃河實業","黄河实业"
"300","00319","勤美達國際","勤美达国际"
"301","00320","金寶通","金宝通"
"302","00321","德永佳集團","德永佳集团"
"303","00322","康師傅控股","康师傅控股"
"304","00323","馬鞍山鋼鐵股份","马鞍山钢铁股份"
"305","00326","中國星集團","中国星集团"
"306","00327","百富環球","百富环球"
"307","00328","ALCO HOLDINGS","ALCO HOLDINGS"
"308","00329","叁龍國際","叁龙国际"
"309","00330","思捷環球","思捷环球"
"310","00331","豐盛機電","丰盛机电"
"311","00332","元亨燃氣","元亨燃气"
"312","00333","黛麗斯國際","黛丽斯国际"
"313","00334","ＴＣＬ顯示科技","ＴＣＬ显示科技"
"314","00335","美建集團","美建集团"
"315","00336","華寶國際","华宝国际"
"316","00337","綠地香港","绿地香港"
"317","00338","上海石油化工股份","上海石油化工股份"
"318","00340","中國礦業","中国矿业"
"319","00341","大家樂集團","大家乐集团"
"320","00342","新海能源","新海能源"
"321","00343","文化傳信","文化传信"
"322","00345","VITASOY INT'L","VITASOY INT'L"
"323","00346","延長石油國際","延长石油国际"
"324","00347","鞍鋼股份","鞍钢股份"
"325","00348","海爾智能健康","海尔智能健康"
"326","00351","亞洲能源物流","亚洲能源物流"
"327","00352","富陽","富阳"
"328","00353","能源國際投資","能源国际投资"
"329","00354","中國軟件國際","中国软件国际"
"330","00355","世紀城市國際","世纪城市国际"
"331","00357","航基股份","航基股份"
"332","00358","江西銅業股份","江西铜业股份"
"333","00359","海升果汁","海升果汁"
"334","00360","新焦點","新焦点"
"335","00361","順龍控股","顺龙控股"
"336","00362","中國天化工","中国天化工"
"337","00363","上海實業控股","上海实业控股"
"338","00364","坪山茶業","坪山茶业"
"339","00365","紫光控股","紫光控股"
"340","00366","陸氏集團（越南）","陆氏集团（越南）"
"341","00367","莊士機構國際","庄士机构国际"
"342","00368","中外運航運","中外运航运"
"343","00369","永泰地產","永泰地产"
"344","00370","國華","国华"
"345","00371","北控水務集團","北控水务集团"
"346","00372","德祥企業","德祥企业"
"347","00373","聯合集團","联合集团"
"348","00374","四洲集團","四洲集团"
"349","00375","YGM TRADING","YGM TRADING"
"350","00376","雲鋒金融","云锋金融"
"351","00377","華君控股","华君控股"
"352","00378","五龍動力","五龙动力"
"353","00379","恒嘉融資租賃","恒嘉融资租赁"
"354","00380","冠力國際","冠力国际"
"355","00381","僑雄國際","侨雄国际"
"356","00382","威靈控股","威灵控股"
"357","00383","中國醫療網絡","中国医疗网络"
"358","00384","中國燃氣","中国燃气"
"359","00385","建聯集團","建联集团"
"360","00386","中國石油化工股份","中国石油化工股份"
"361","00387","力豐（集團）","力丰（集团）"
"362","00388","香港交易所","香港交易所"
"363","00389","通天酒業","通天酒业"
"364","00390","中國中鐵","中国中铁"
"365","00391","美亞娛樂資訊","美亚娱乐资讯"
"366","00392","北京控股","北京控股"
"367","00393","旭日企業","旭日企业"
"368","00395","中國智能集團","中国智能集团"
"369","00396","興利（香港）控股","兴利（香港）控股"
"370","00397","君陽金融","君阳金融"
"371","00398","東方表行集團","东方表行集团"
"372","00399","領航醫藥生物科技","领航医药生物科技"
"373","00400","科通芯城","科通芯城"
"374","00401","萬嘉集團","万嘉集团"
"375","00402","天下圖控股","天下图控股"
"376","00403","星光集團","星光集团"
"377","00404","新昌集團控股","新昌集团控股"
"378","00406","有利集團","有利集团"
"379","00408","葉氏化工集團","叶氏化工集团"
"380","00410","ＳＯＨＯ中國","ＳＯＨＯ中国"
"381","00411","南順（香港）","南顺（香港）"
"382","00412","中國新金融","中国新金融"
"383","00413","南華集團控股","南华集团控股"
"384","00416","錦州銀行","锦州银行"
"385","00417","謝瑞麟","谢瑞麟"
"386","00418","方正控股","方正控股"
"387","00419","華誼騰訊娛樂","华谊腾讯娱乐"
"388","00420","福田實業","福田实业"
"389","00422","越南製造加工出口","越南制造加工出口"
"390","00423","經濟日報集團","经济日报集团"
"391","00425","敏實集團","敏实集团"
"392","00426","萬華媒體","万华媒体"
"393","00430","東方網庫","东方网库"
"394","00431","大中華金融","大中华金融"
"395","00432","盈大地產","盈大地产"
"396","00433","北方礦業","北方矿业"
"397","00434","博雅互動","博雅互动"
"398","00436","新宇環保","新宇环保"
"399","00438","彩虹新能源","彩虹新能源"
"400","00439","光啟科學","光启科学"
"401","00440","大新金融","大新金融"
"402","00442","KTL INT'L","KTL INT'L"
"403","00444","SINCEREWATCH HK","SINCEREWATCH HK"
"404","00445","中國消防","中国消防"
"405","00449","志高控股","志高控股"
"406","00450","鴻興印刷集團","鸿兴印刷集团"
"407","00451","協鑫新能源","协鑫新能源"
"408","00455","天大藥業","天大药业"
"409","00456","新城市建設發展","新城市建设发展"
"410","00458","聯亞集團","联亚集团"
"411","00459","美聯工商舖","美联工商铺"
"412","00460","四環醫藥","四环医药"
"413","00462","天然乳品","天然乳品"
"414","00464","建福集團","建福集团"
"415","00465","富通科技","富通科技"
"416","00467","聯合能源集團","联合能源集团"
"417","00468","紛美包裝","纷美包装"
"418","00469","凱普松國際","凯普松国际"
"419","00471","中播控股","中播控股"
"420","00472","新絲路文旅","新丝路文旅"
"421","00474","昊天發展集團","昊天发展集团"
"422","00475","中發展控股","中发展控股"
"423","00476","中國動力控股","中国动力控股"
"424","00479","華建控股","华建控股"
"425","00480","香港興業國際","香港兴业国际"
"426","00482","聖馬丁國際","圣马丁国际"
"427","00483","包浩斯國際","包浩斯国际"
"428","00484","雲遊控股","云游控股"
"429","00485","中國華星","中国华星"
"430","00486","RUSAL","RUSAL"
"431","00487","實德環球","实德环球"
"432","00488","麗新發展","丽新发展"
"433","00489","東風集團股份","东风集团股份"
"434","00491","漢傳媒","汉传媒"
"435","00493","國美電器","国美电器"
"436","00494","利豐","利丰"
"437","00495","PALADIN","PALADIN"
"438","00496","卡森國際","卡森国际"
"439","00497","資本策略地產","资本策略地产"
"440","00498","保華集團","保华集团"
"441","00499","青島控股","青岛控股"
"442","00500","先豐服務集團","先丰服务集团"
"443","00503","朗生醫藥","朗生医药"
"444","00505","歡悅互娛","欢悦互娱"
"445","00506","中國食品","中国食品"
"446","00508","鼎億集團投資","鼎亿集团投资"
"447","00509","世紀陽光","世纪阳光"
"448","00510","時富金融服務集團","时富金融服务集团"
"449","00511","電視廣播","电视广播"
"450","00512","遠大醫藥","远大医药"
"451","00513","恆和集團","恒和集团"
"452","00515","達進東方照明","达进东方照明"
"453","00517","中遠海運國際","中远海运国际"
"454","00518","同得仕（集團）","同得仕（集团）"
"455","00519","實力建業","实力建业"
"456","00520","呷哺呷哺","呷哺呷哺"
"457","00521","海航實業股份","海航实业股份"
"458","00522","ASM PACIFIC","ASM PACIFIC"
"459","00524","E-KONG GROUP","E-KONG GROUP"
"460","00525","廣深鐵路股份","广深铁路股份"
"461","00526","利時集團控股","利时集团控股"
"462","00527","瑞風新能源","瑞风新能源"
"463","00528","金達控股","金达控股"
"464","00529","SIS INT'L","SIS INT'L"
"465","00530","高銀金融","高银金融"
"466","00531","順誠","顺诚"
"467","00532","WKK INTL (HOLD)","WKK INTL (HOLD)"
"468","00533","金利來集團","金利来集团"
"469","00535","金地商置","金地商置"
"470","00536","貿易通","贸易通"
"471","00538","味千（中國）","味千（中国）"
"472","00539","冠華國際控股","冠华国际控股"
"473","00540","迅捷環球控股","迅捷环球控股"
"474","00542","新嶺域集團","新岭域集团"
"475","00543","太平洋網絡","太平洋网络"
"476","00544","大同集團","大同集团"
"477","00546","阜豐集團","阜丰集团"
"478","00547","數字王國","数字王国"
"479","00548","深圳高速公路股份","深圳高速公路股份"
"480","00549","奇峰化纖","奇峰化纤"
"481","00550","先傳媒","先传媒"
"482","00551","裕元集團","裕元集团"
"483","00552","中國通信服務","中国通信服务"
"484","00553","南京熊貓電子股份","南京熊猫电子股份"
"485","00554","漢思能源","汉思能源"
"486","00555","御泰中彩控股","御泰中彩控股"
"487","00556","泛亞環保","泛亚环保"
"488","00557","CITY E-SOLUTION","CITY E-SOLUTION"
"489","00558","力勁科技","力劲科技"
"490","00559","德泰新能源集團","德泰新能源集团"
"491","00560","珠江船務","珠江船务"
"492","00563","上實城市開發","上实城市开发"
"493","00564","鄭煤機","郑煤机"
"494","00565","錦藝集團控股","锦艺集团控股"
"495","00566","漢能薄膜發電","汉能薄膜发电"
"496","00567","大昌微綫集團","大昌微线集团"
"497","00568","山東墨龍","山东墨龙"
"498","00569","中國自動化","中国自动化"
"499","00570","中國中藥","中国中药"
"500","00571","豐德麗控股","丰德丽控股"
"501","00572","未來世界金融","未来世界金融"
"502","00573","稻香控股","稻香控股"
"503","00574","百信藥業","百信药业"
"504","00575","勵晶太平洋","励晶太平洋"
"505","00576","浙江滬杭甬","浙江沪杭甬"
"506","00577","十三集團","十三集团"
"507","00578","融信資源","融信资源"
"508","00579","京能清潔能源","京能清洁能源"
"509","00580","賽晶電力電子","赛晶电力电子"
"510","00581","中國東方集團","中国东方集团"
"511","00582","藍鼎國際","蓝鼎国际"
"512","00583","南潮控股","南潮控股"
"513","00585","意馬國際","意马国际"
"514","00586","海螺創業","海螺创业"
"515","00587","華瀚健康","华瀚健康"
"516","00588","北京北辰實業股份","北京北辰实业股份"
"517","00589","寶國國際","宝国国际"
"518","00590","六福集團","六福集团"
"519","00591","中國高精密","中国高精密"
"520","00592","BOSSINI INT'L","BOSSINI INT'L"
"521","00593","天洋國際控股","天洋国际控股"
"522","00595","AV CONCEPT HOLD","AV CONCEPT HOLD"
"523","00596","浪潮國際","浪潮国际"
"524","00598","中國外運","中国外运"
"525","00599","怡邦行控股","怡邦行控股"
"526","00600","中國基建投資","中国基建投资"
"527","00601","權智（國際）","权智（国际）"
"528","00602","佳華百貨控股","佳华百货控股"
"529","00603","中油燃氣","中油燃气"
"530","00604","深圳控股","深圳控股"
"531","00605","中國金融投資管理","中国金融投资管理"
"532","00606","中國糧油控股","中国粮油控股"
"533","00607","豐盛控股","丰盛控股"
"534","00608","達利國際","达利国际"
"535","00609","天德化工","天德化工"
"536","00610","WAI KEE HOLD","WAI KEE HOLD"
"537","00611","中國核能科技","中国核能科技"
"538","00613","YUGANG INT'L","YUGANG INT'L"
"539","00616","高山企業","高山企业"
"540","00617","百利保控股","百利保控股"
"541","00618","北大資源","北大资源"
"542","00619","南華金融","南华金融"
"543","00620","大唐西市","大唐西市"
"544","00621","壇金礦業","坛金矿业"
"545","00622","威華達控股","威华达控股"
"546","00623","中視金橋","中视金桥"
"547","00626","大眾金融控股","大众金融控股"
"548","00627","佑威國際","佑威国际"
"549","00628","華銀控股","华银控股"
"550","00629","悅達礦業","悦达矿业"
"551","00630","雋泰控股","隽泰控股"
"552","00631","三一國際","三一国际"
"553","00632","東方明珠石油","东方明珠石油"
"554","00633","中國全通","中国全通"
"555","00635","彩星集團","彩星集团"
"556","00636","嘉里物流","嘉里物流"
"557","00637","利記","利记"
"558","00638","建溢集團","建溢集团"
"559","00639","首鋼資源","首钢资源"
"560","00640","星謙發展","星谦发展"
"561","00641","恒天立信","恒天立信"
"562","00643","恆富控股","恒富控股"
"563","00645","安域亞洲","安域亚洲"
"564","00646","中國環保科技","中国环保科技"
"565","00647","JOYCE BOUTIQUE","JOYCE BOUTIQUE"
"566","00648","中國華仁醫療","中国华仁医疗"
"567","00650","順昌集團","顺昌集团"
"568","00651","中海重工","中海重工"
"569","00653","卓悅控股","卓悦控股"
"570","00655","香港華人有限公司","香港华人有限公司"
"571","00656","復星國際","复星国际"
"572","00657","環科國際","环科国际"
"573","00658","中國高速傳動","中国高速传动"
"574","00659","新創建集團","新创建集团"
"575","00660","偉俊礦業集團","伟俊矿业集团"
"576","00661","中國大冶有色金屬","中国大冶有色金属"
"577","00662","亞洲金融","亚洲金融"
"578","00663","金山能源","金山能源"
"579","00665","海通國際","海通国际"
"580","00668","東銀國際控股","东银国际控股"
"581","00669","創科實業","创科实业"
"582","00670","中國東方航空股份","中国东方航空股份"
"583","00672","眾安房產","众安房产"
"584","00673","中國衛生控股","中国卫生控股"
"585","00674","文化地標投資","文化地标投资"
"586","00675","堅寶國際","坚宝国际"
"587","00676","創信國際","创信国际"
"588","00677","金源米業","金源米业"
"589","00678","雲頂香港","云顶香港"
"590","00679","亞洲聯網科技","亚洲联网科技"
"591","00680","南海控股","南海控股"
"592","00681","中民控股","中民控股"
"593","00682","超大現代","超大现代"
"594","00683","嘉里建設","嘉里建设"
"595","00684","亞倫國際","亚伦国际"
"596","00685","世界華文媒體","世界华文媒体"
"597","00686","聯合光伏","联合光伏"
"598","00687","香港國際建投","香港国际建投"
"599","00688","中國海外發展","中国海外发展"
"600","00689","長盈集團（控股）","长盈集团（控股）"
"601","00690","聯康生物科技集團","联康生物科技集团"
"602","00691","山水水泥","山水水泥"
"603","00692","中國家居","中国家居"
"604","00693","陳唱國際","陈唱国际"
"605","00694","北京首都機場股份","北京首都机场股份"
"606","00695","東吳水泥","东吴水泥"
"607","00696","中國民航信息網絡","中国民航信息网络"
"608","00697","SHOUGANG INT'L","SHOUGANG INT'L"
"609","00698","通達集團","通达集团"
"610","00699","神州租車","神州租车"
"611","00700","騰訊控股","腾讯控股"
"612","00701","CNT GROUP","CNT GROUP"
"613","00702","中國油氣控股","中国油气控股"
"614","00703","FUTURE BRIGHT","FUTURE BRIGHT"
"615","00704","和嘉資源","和嘉资源"
"616","00705","鼎和礦業","鼎和矿业"
"617","00706","美麗中國控股","美丽中国控股"
"618","00707","協盛協豐","协盛协丰"
"619","00708","恒大健康","恒大健康"
"620","00709","佐丹奴國際","佐丹奴国际"
"621","00710","精電","精电"
"622","00711","亞洲聯合基建控股","亚洲联合基建控股"
"623","00712","卡姆丹克太陽能","卡姆丹克太阳能"
"624","00713","世界（集團）","世界（集团）"
"625","00715","中泛控股","中泛控股"
"626","00716","勝獅貨櫃","胜狮货柜"
"627","00717","英皇證券","英皇证券"
"628","00718","太和控股","太和控股"
"629","00719","山東新華製藥股份","山东新华制药股份"
"630","00720","意達利控股","意达利控股"
"631","00722","聯合醫務","联合医务"
"632","00723","永保林業","永保林业"
"633","00724","瑞鑫國際集團","瑞鑫国际集团"
"634","00725","恆都集團","恒都集团"
"635","00726","中民築友科技","中民筑友科技"
"636","00727","皇冠環球集團","皇冠环球集团"
"637","00728","中國電信","中国电信"
"638","00729","五龍電動車","五龙电动车"
"639","00730","SHOUGANG GRAND","SHOUGANG GRAND"
"640","00731","森信紙業集團","森信纸业集团"
"641","00732","信利國際","信利国际"
"642","00733","合富輝煌","合富辉煌"
"643","00735","中國電力新能源","中国电力新能源"
"644","00736","中國置業投資","中国置业投资"
"645","00737","合和公路基建","合和公路基建"
"646","00738","萊爾斯丹","莱尔斯丹"
"647","00743","亞洲水泥（中國）","亚洲水泥（中国）"
"648","00745","中國國家文化產業","中国国家文化产业"
"649","00746","理文化工","理文化工"
"650","00747","瀋陽公用發展股份","沈阳公用发展股份"
"651","00750","興業太陽能","兴业太阳能"
"652","00751","創維數碼","创维数码"
"653","00752","PICO FAR EAST","PICO FAR EAST"
"654","00753","中國國航","中国国航"
"655","00754","合生創展集團","合生创展集团"
"656","00755","上海証大","上海证大"
"657","00756","天溢森美","天溢森美"
"658","00757","陽光能源","阳光能源"
"659","00758","JUNEFIELD GROUP","JUNEFIELD GROUP"
"660","00759","CEC INT'L HOLD","CEC INT'L HOLD"
"661","00760","新天地產集團","新天地产集团"
"662","00761","百營環球資源","百营环球资源"
"663","00762","中國聯通","中国联通"
"664","00763","中興通訊","中兴通讯"
"665","00764","永恒策略","永恒策略"
"666","00765","PERFECTECH INTL","PERFECTECH INTL"
"667","00766","中盈集團控股","中盈集团控股"
"668","00767","PACIFIC PLYWOOD","PACIFIC PLYWOOD"
"669","00769","中國稀土","中国稀土"
"670","00771","自動系統","自动系统"
"671","00775","長江生命科技","长江生命科技"
"672","00776","帝國集團環球控股","帝国集团环球控股"
"673","00777","網龍","网龙"
"674","00787","利標品牌","利标品牌"
"675","00789","雅天妮","雅天妮"
"676","00794","錦勝集團（控股）","锦胜集团（控股）"
"677","00798","中電光谷","中电光谷"
"678","00799","IGG","IGG"
"679","00800","Ａ８新媒體","Ａ８新媒体"
"680","00801","金衛醫療","金卫医疗"
"681","00802","宏霸數碼","宏霸数码"
"682","00803","昌興國際","昌兴国际"
"683","00805","GLENCORE-S","GLENCORE-S"
"684","00806","惠理集團","惠理集团"
"685","00809","大成生化科技","大成生化科技"
"686","00811","新華文軒","新华文轩"
"687","00812","西證國際證券","西证国际证券"
"688","00813","世茂房地產","世茂房地产"
"689","00814","北京京客隆","北京京客隆"
"690","00815","中國白銀集團","中国白银集团"
"691","00816","華電福新","华电福新"
"692","00817","中國金茂","中国金茂"
"693","00818","高陽科技","高阳科技"
"694","00819","天能動力","天能动力"
"695","00821","匯盈控股","汇盈控股"
"696","00822","嘉瑞國際","嘉瑞国际"
"697","00825","新世界百貨中國","新世界百货中国"
"698","00826","天工國際","天工国际"
"699","00827","玖源集團","玖源集团"
"700","00828","王朝酒業","王朝酒业"
"701","00829","神冠控股","神冠控股"
"702","00830","遠東環球","远东环球"
"703","00831","利亞零售","利亚零售"
"704","00832","建業地產","建业地产"
"705","00833","華訊","华讯"
"706","00834","康大食品","康大食品"
"707","00835","亞洲煤業","亚洲煤业"
"708","00836","華潤電力","华润电力"
"709","00837","譚木匠","谭木匠"
"710","00838","億和控股","亿和控股"
"711","00840","天業節水","天业节水"
"712","00841","木薯資源","木薯资源"
"713","00842","理士國際","理士国际"
"714","00844","廣豪國際","广豪国际"
"715","00845","恒盛地產","恒盛地产"
"716","00846","明發集團","明发集团"
"717","00847","哈薩克礦業—Ｓ","哈萨克矿业—Ｓ"
"718","00848","茂業國際","茂业国际"
"719","00850","投融長富","投融长富"
"720","00851","盛源控股","盛源控股"
"721","00852","海峽石油化工","海峡石油化工"
"722","00853","微創醫療","微创医疗"
"723","00854","威雅利","威雅利"
"724","00855","中國水務","中国水务"
"725","00856","偉仕控股","伟仕控股"
"726","00857","中國石油股份","中国石油股份"
"727","00858","精優藥業","精优药业"
"728","00859","鎮科集團","镇科集团"
"729","00860","奧立仕控股","奥立仕控股"
"730","00861","神州控股","神州控股"
"731","00862","遠見控股","远见控股"
"732","00863","品牌中國","品牌中国"
"733","00864","永利地產發展","永利地产发展"
"734","00865","第一電訊","第一电讯"
"735","00866","中國秦發","中国秦发"
"736","00867","康哲藥業","康哲药业"
"737","00868","信義玻璃","信义玻璃"
"738","00869","彩星玩具","彩星玩具"
"739","00871","中國疏浚環保","中国疏浚环保"
"740","00872","啟迪國際","启迪国际"
"741","00873","中國泰豐床品","中国泰丰床品"
"742","00874","白雲山","白云山"
"743","00875","中國金控","中国金控"
"744","00876","美加醫學","美加医学"
"745","00877","昂納科技集團","昂纳科技集团"
"746","00878","金朝陽集團","金朝阳集团"
"747","00880","澳博控股","澳博控股"
"748","00881","中升控股","中升控股"
"749","00882","天津發展","天津发展"
"750","00883","中國海洋石油","中国海洋石油"
"751","00884","旭輝控股集團","旭辉控股集团"
"752","00885","仁天科技控股","仁天科技控股"
"753","00886","銀基集團","银基集团"
"754","00887","英皇鐘錶珠寶","英皇钟表珠宝"
"755","00888","路訊通","路讯通"
"756","00889","連達科技控股","连达科技控股"
"757","00891","利邦","利邦"
"758","00893","中國鐵鈦","中国铁钛"
"759","00894","萬裕科技","万裕科技"
"760","00895","東江環保","东江环保"
"761","00896","興勝創建","兴胜创建"
"762","00897","位元堂","位元堂"
"763","00898","萬事昌國際","万事昌国际"
"764","00899","亞洲資源","亚洲资源"
"765","00900","AEON CREDIT","AEON CREDIT"
"766","00902","華能國際電力股份","华能国际电力股份"
"767","00903","冠捷科技","冠捷科技"
"768","00904","中綠","中绿"
"769","00906","中糧包裝","中粮包装"
"770","00907","高雅光學","高雅光学"
"771","00908","珠海控股投資","珠海控股投资"
"772","00909","中大國際","中大国际"
"773","00910","中國三迪","中国三迪"
"774","00911","前海健康","前海健康"
"775","00912","信佳國際","信佳国际"
"776","00914","安徽海螺水泥股份","安徽海螺水泥股份"
"777","00915","道和環球","道和环球"
"778","00916","龍源電力","龙源电力"
"779","00918","第一德勝控股","第一德胜控股"
"780","00919","現代美容","现代美容"
"781","00921","海信科龍","海信科龙"
"782","00922","安賢園中國","安贤园中国"
"783","00923","綜合環保集團","综合环保集团"
"784","00925","北京建設","北京建设"
"785","00926","碧生源","碧生源"
"786","00927","富士高實業","富士高实业"
"787","00928","野馬國際","野马国际"
"788","00929","國際精密","国际精密"
"789","00930","中國森林","中国森林"
"790","00931","中國天然氣","中国天然气"
"791","00932","御藥堂","御药堂"
"792","00933","光匯石油","光汇石油"
"793","00934","中石化冠德","中石化冠德"
"794","00935","龍翔集團","龙翔集团"
"795","00936","鵬程亞洲","鹏程亚洲"
"796","00938","民生國際","民生国际"
"797","00939","建設銀行","建设银行"
"798","00940","中國動物保健品","中国动物保健品"
"799","00941","中國移動","中国移动"
"800","00943","意科控股","意科控股"
"801","00945","宏利金融—Ｓ","宏利金融—Ｓ"
"802","00947","摩比發展","摩比发展"
"803","00948","融達控股","融达控股"
"804","00950","李氏大藥廠","李氏大药厂"
"805","00951","超威動力","超威动力"
"806","00952","華富國際","华富国际"
"807","00953","邵氏兄弟控股","邵氏兄弟控股"
"808","00954","常茂生物","常茂生物"
"809","00956","新天綠色能源","新天绿色能源"
"810","00958","華能新能源","华能新能源"
"811","00959","奧瑪仕國際","奥玛仕国际"
"812","00960","龍湖地產","龙湖地产"
"813","00963","華熙生物科技","华熙生物科技"
"814","00966","中國太平","中国太平"
"815","00967","桑德國際","桑德国际"
"816","00968","信義光能","信义光能"
"817","00969","華聯國際","华联国际"
"818","00970","耀萊集團","耀莱集团"
"819","00973","L'OCCITANE","L'OCCITANE"
"820","00974","中國順客隆","中国顺客隆"
"821","00975","MONGOL MINING","MONGOL MINING"
"822","00976","齊合天地","齐合天地"
"823","00978","招商局置地","招商局置地"
"824","00979","綠色能源科技集團","绿色能源科技集团"
"825","00980","聯華超市","联华超市"
"826","00981","中芯國際","中芯国际"
"827","00982","卓智控股","卓智控股"
"828","00983","瑞安建業","瑞安建业"
"829","00984","永旺","永旺"
"830","00985","網智金控","网智金控"
"831","00986","中國環保能源","中国环保能源"
"832","00987","中國再生能源投資","中国再生能源投资"
"833","00988","樓東俊安資源","楼东俊安资源"
"834","00989","廣澤國際發展","广泽国际发展"
"835","00990","榮暉國際","荣晖国际"
"836","00991","大唐發電","大唐发电"
"837","00992","聯想集團","联想集团"
"838","00993","華融金控","华融金控"
"839","00995","安徽皖通高速公路","安徽皖通高速公路"
"840","00996","嘉年華國際","嘉年华国际"
"841","00997","普匯中金國際","普汇中金国际"
"842","00998","中信銀行","中信银行"
"843","00999","I.T","I.T"
"844","01000","北青傳媒","北青传媒"
"845","01001","滬港聯合","沪港联合"
"846","01002","威鋮國際","威铖国际"
"847","01003","歡喜傳媒","欢喜传媒"
"848","01004","中國智慧能源","中国智慧能源"
"849","01005","MATRIX HOLDINGS","MATRIX HOLDINGS"
"850","01006","長壽花食品","长寿花食品"
"851","01007","大慶乳業","大庆乳业"
"852","01008","貴聯控股","贵联控股"
"853","01009","國際娛樂","国际娱乐"
"854","01010","太睿國際控股","太睿国际控股"
"855","01011","泰凌醫藥","泰凌医药"
"856","01013","偉俊集團控股","伟俊集团控股"
"857","01019","康宏環球","康宏环球"
"858","01020","華耐控股","华耐控股"
"859","01021","麥達斯控股—Ｓ","麦达斯控股—Ｓ"
"860","01022","飛魚科技","飞鱼科技"
"861","01023","時代集團控股","时代集团控股"
"862","01026","環球實業科技","环球实业科技"
"863","01027","中國集成控股","中国集成控股"
"864","01028","千百度","千百度"
"865","01029","鐵貨","铁货"
"866","01030","新城發展控股","新城发展控股"
"867","01031","金利豐金融","金利丰金融"
"868","01033","中石化油服","中石化油服"
"869","01035","ＢＢＩ生命科學","ＢＢＩ生命科学"
"870","01036","萬科置業海外","万科置业海外"
"871","01037","雲智匯科技","云智汇科技"
"872","01038","長江基建集團","长江基建集团"
"873","01039","鑫網易商","鑫网易商"
"874","01041","林達控股","林达控股"
"875","01043","光宇國際集團科技","光宇国际集团科技"
"876","01044","恒安國際","恒安国际"
"877","01045","亞太衛星","亚太卫星"
"878","01046","寰宇國際金融","寰宇国际金融"
"879","01047","毅興行","毅兴行"
"880","01048","煜新控股","煜新控股"
"881","01049","時富投資","时富投资"
"882","01050","嘉利國際","嘉利国际"
"883","01051","國際資源","国际资源"
"884","01052","越秀交通基建","越秀交通基建"
"885","01053","重慶鋼鐵股份","重庆钢铁股份"
"886","01055","中國南方航空股份","中国南方航空股份"
"887","01057","浙江世寶","浙江世宝"
"888","01058","粵海制革","粤海制革"
"889","01059","看通集團","看通集团"
"890","01060","阿里影業","阿里影业"
"891","01061","億勝生物科技","亿胜生物科技"
"892","01063","新確科技","新确科技"
"893","01064","中華國際","中华国际"
"894","01065","天津創業環保股份","天津创业环保股份"
"895","01066","威高股份","威高股份"
"896","01068","雨潤食品","雨润食品"
"897","01069","中國農林低碳","中国农林低碳"
"898","01070","ＴＣＬ多媒體","ＴＣＬ多媒体"
"899","01071","華電國際電力股份","华电国际电力股份"
"900","01072","東方電氣","东方电气"
"901","01073","浩倫農科","浩伦农科"
"902","01075","首都信息","首都信息"
"903","01076","博華太平洋","博华太平洋"
"904","01079","松景科技","松景科技"
"905","01080","勝利管道","胜利管道"
"906","01082","香港教育國際","香港教育国际"
"907","01083","港華燃氣","港华燃气"
"908","01085","亨鑫科技","亨鑫科技"
"909","01086","好孩子國際","好孩子国际"
"910","01087","威訊控股","威讯控股"
"911","01088","中國神華","中国神华"
"912","01089","樂遊科技控股","乐游科技控股"
"913","01090","大明國際","大明国际"
"914","01091","中信大錳","中信大锰"
"915","01093","石藥集團","石药集团"
"916","01094","中國公共採購","中国公共采购"
"917","01096","中能國際控股","中能国际控股"
"918","01097","有線寬頻","有线宽频"
"919","01098","ROAD KING INFRA","ROAD KING INFRA"
"920","01099","國藥控股","国药控股"
"921","01100","飛達控股","飞达控股"
"922","01101","華榮能源","华荣能源"
"923","01102","環能國際","环能国际"
"924","01103","大生農業金融","大生农业金融"
"925","01104","亞太資源","亚太资源"
"926","01105","星島","星岛"
"927","01106","中國海景","中国海景"
"928","01107","當代置業","当代置业"
"929","01108","洛陽玻璃股份","洛阳玻璃股份"
"930","01109","華潤置地","华润置地"
"931","01110","金活醫藥集團","金活医药集团"
"932","01111","創興銀行","创兴银行"
"933","01112","合生元","合生元"
"934","01113","長實地產","长实地产"
"935","01114","BRILLIANCE CHI","BRILLIANCE CHI"
"936","01115","西藏水資源","西藏水资源"
"937","01116","MAYER HOLDINGS","MAYER HOLDINGS"
"938","01117","現代牧業","现代牧业"
"939","01118","高力集團","高力集团"
"940","01120","雅視光學","雅视光学"
"941","01121","寶峰時尚","宝峰时尚"
"942","01122","慶鈴汽車股份","庆铃汽车股份"
"943","01123","中港照相","中港照相"
"944","01124","沿海家園","沿海家园"
"945","01125","麗豐控股","丽丰控股"
"946","01126","德林國際","德林国际"
"947","01127","匯星印刷","汇星印刷"
"948","01128","永利澳門","永利澳门"
"949","01129","中國水業集團","中国水业集团"
"950","01130","中國環境資源","中国环境资源"
"951","01131","鴻寶資源","鸿宝资源"
"952","01132","橙天嘉禾","橙天嘉禾"
"953","01133","哈爾濱電氣","哈尔滨电气"
"954","01135","ASIA SATELLITE","ASIA SATELLITE"
"955","01136","台泥國際集團","台泥国际集团"
"956","01137","香港電視","香港电视"
"957","01138","中遠海能","中远海能"
"958","01139","華多利集團","华多利集团"
"959","01141","天順證券","天顺证券"
"960","01142","西伯利亞礦業","西伯利亚矿业"
"961","01143","華夏健康產業","华夏健康产业"
"962","01145","勇利航業","勇利航业"
"963","01146","中國服飾控股","中国服饰控股"
"964","01148","新晨動力","新晨动力"
"965","01149","中國安芯","中国安芯"
"966","01150","米蘭站","米兰站"
"967","01151","依利安達","依利安达"
"968","01152","新融宇集團","新融宇集团"
"969","01155","星辰通信","星辰通信"
"970","01157","中聯重科","中联重科"
"971","01159","集美國際娛樂","集美国际娱乐"
"972","01161","奧思集團","奥思集团"
"973","01163","德金資源","德金资源"
"974","01164","中廣核礦業","中广核矿业"
"975","01165","順風清潔能源","顺风清洁能源"
"976","01166","星凱控股","星凯控股"
"977","01168","百仕達控股","百仕达控股"
"978","01169","海爾電器","海尔电器"
"979","01170","信星集團","信星集团"
"980","01171","兗州煤業股份","兖州煤业股份"
"981","01172","勤達集團國際","勤达集团国际"
"982","01173","威高國際","威高国际"
"983","01174","太平洋恩利","太平洋恩利"
"984","01175","鮮馳達控股","鲜驰达控股"
"985","01176","珠光控股","珠光控股"
"986","01177","中國生物製藥","中国生物制药"
"987","01178","共享經濟集團","共享经济集团"
"988","01180","匯彩控股","汇彩控股"
"989","01181","唐宮中國","唐宫中国"
"990","01182","勝龍國際","胜龙国际"
"991","01184","S.A.S. DRAGON","S.A.S. DRAGON"
"992","01185","中國航天萬源","中国航天万源"
"993","01186","中國鐵建","中国铁建"
"994","01187","漢唐國際控股","汉唐国际控股"
"995","01188","正道集團","正道集团"
"996","01189","珀麗酒店","珀丽酒店"
"997","01190","航標控股","航标控股"
"998","01191","粵首環保","粤首环保"
"999","01192","泰山石化","泰山石化"
"1000","01193","華潤燃氣","华润燃气"
"1001","01194","麥盛資本","麦盛资本"
"1002","01195","京維集團","京维集团"
"1003","01196","偉祿集團","伟禄集团"
"1004","01197","中國恒石","中国恒石"
"1005","01198","皇朝傢俬","皇朝家俬"
"1006","01199","中遠海運港口","中远海运港口"
"1007","01200","美聯集團","美联集团"
"1008","01201","天臣控股","天臣控股"
"1009","01202","成都普天電纜股份","成都普天电缆股份"
"1010","01203","廣南（集團）","广南（集团）"
"1011","01205","中信資源","中信资源"
"1012","01206","同方泰德","同方泰德"
"1013","01207","上置集團","上置集团"
"1014","01208","五礦資源","五矿资源"
"1015","01210","克莉絲汀","克莉丝汀"
"1016","01211","比亞迪股份","比亚迪股份"
"1017","01212","利福國際","利福国际"
"1018","01213","萬保剛集團","万保刚集团"
"1019","01215","開源控股","开源控股"
"1020","01218","永義國際","永义国际"
"1021","01219","天喔國際","天喔国际"
"1022","01220","志道國際","志道国际"
"1023","01221","SINO HOTELS","SINO HOTELS"
"1024","01222","WANG ON GROUP","WANG ON GROUP"
"1025","01223","新灃集團","新沣集团"
"1026","01224","中渝置地","中渝置地"
"1027","01225","隆成金融","隆成金融"
"1028","01228","奇峰國際","奇峰国际"
"1029","01229","南南資源","南南资源"
"1030","01230","雅士利國際","雅士利国际"
"1031","01231","新礦資源","新矿资源"
"1032","01232","金輪天地控股","金轮天地控股"
"1033","01233","時代地產","时代地产"
"1034","01234","中國利郎","中国利郎"
"1035","01235","專業旅運","专业旅运"
"1036","01236","國農控股","国农控股"
"1037","01237","中科生物","中科生物"
"1038","01238","寶龍地產","宝龙地产"
"1039","01239","金寶寶控股","金宝宝控股"
"1040","01240","青建國際","青建国际"
"1041","01241","雙樺控股","双桦控股"
"1042","01243","宏安地產","宏安地产"
"1043","01245","NIRAKU","NIRAKU"
"1044","01246","毅信控股","毅信控股"
"1045","01247","米格國際控股","米格国际控股"
"1046","01249","通力電子","通力电子"
"1047","01250","北控清潔能源集團","北控清洁能源集团"
"1048","01251","華油能源","华油能源"
"1049","01252","中國天瑞水泥","中国天瑞水泥"
"1050","01253","中國綠地博大綠澤","中国绿地博大绿泽"
"1051","01255","港大零售","港大零售"
"1052","01258","中國有色礦業","中国有色矿业"
"1053","01259","中國兒童護理","中国儿童护理"
"1054","01260","皓天財經集團","皓天财经集团"
"1055","01262","蠟筆小新食品","蜡笔小新食品"
"1056","01263","栢能集團","栢能集团"
"1057","01265","天津津燃公用","天津津燃公用"
"1058","01266","西王特鋼","西王特钢"
"1059","01268","美東汽車","美东汽车"
"1060","01269","首控集團","首控集团"
"1061","01270","朗廷—ＳＳ","朗廷—ＳＳ"
"1062","01271","佳明集團控股","佳明集团控股"
"1063","01272","大唐環境","大唐环境"
"1064","01273","香港信貸","香港信贷"
"1065","01277","力量能源","力量能源"
"1066","01278","中國新城鎮","中国新城镇"
"1067","01280","匯銀智慧社區","汇银智慧社区"
"1068","01281","隆基泰和智慧能源","隆基泰和智慧能源"
"1069","01282","中國金洋","中国金洋"
"1070","01285","嘉士利集團","嘉士利集团"
"1071","01288","農業銀行","农业银行"
"1072","01289","盛力達科技","盛力达科技"
"1073","01290","中國匯融","中国汇融"
"1074","01292","長安民生物流","长安民生物流"
"1075","01293","寶信汽車","宝信汽车"
"1076","01296","國電科環","国电科环"
"1077","01297","中國擎天軟件","中国擎天软件"
"1078","01298","天美（控股）","天美（控股）"
"1079","01299","友邦保險","友邦保险"
"1080","01300","俊知集團","俊知集团"
"1081","01301","德基科技控股","德基科技控股"
"1082","01302","先健科技","先健科技"
"1083","01303","滙力資源","滙力资源"
"1084","01305","偉志控股","伟志控股"
"1085","01308","海豐國際","海丰国际"
"1086","01310","香港寬頻","香港宽频"
"1087","01312","同方康泰","同方康泰"
"1088","01313","華潤水泥控股","华润水泥控股"
"1089","01314","翠華控股","翠华控股"
"1090","01315","允升國際","允升国际"
"1091","01316","耐世特","耐世特"
"1092","01317","楓葉教育","枫叶教育"
"1093","01318","格菱控股","格菱控股"
"1094","01319","靄華押業信貸","霭华押业信贷"
"1095","01321","中國新城市","中国新城市"
"1096","01322","創達科技控股","创达科技控股"
"1097","01323","NEWTREE GROUP","NEWTREE GROUP"
"1098","01326","天馬影視","天马影视"
"1099","01327","時間由你","时间由你"
"1100","01328","精英國際","精英国际"
"1101","01329","首創鉅大","首创钜大"
"1102","01330","綠色動力環保","绿色动力环保"
"1103","01332","中國新進","中国新进"
"1104","01333","中國忠旺","中国忠旺"
"1105","01335","順泰控股","顺泰控股"
"1106","01336","新華保險","新华保险"
"1107","01338","霸王集團","霸王集团"
"1108","01339","中國人民保險集團","中国人民保险集团"
"1109","01340","惠生國際","惠生国际"
"1110","01341","焯陞企業","焯升企业"
"1111","01345","中國先鋒醫藥","中国先锋医药"
"1112","01347","華虹半導體","华虹半导体"
"1113","01348","滉達富控股","滉达富控股"
"1114","01349","復旦張江","复旦张江"
"1115","01353","諾奇","诺奇"
"1116","01355","朸濬國際","朸浚国际"
"1117","01357","美圖公司","美图公司"
"1118","01358","普華和順","普华和顺"
"1119","01359","中國信達","中国信达"
"1120","01360","MEGAEXPO HLDG","MEGAEXPO HLDG"
"1121","01361","３６１度","３６１度"
"1122","01362","新龍移動","新龙移动"
"1123","01363","中滔環保","中滔环保"
"1124","01365","綠地潤東","绿地润东"
"1125","01366","江南集團","江南集团"
"1126","01367","恒寶企業控股","恒宝企业控股"
"1127","01368","特步國際","特步国际"
"1128","01369","五洲國際","五洲国际"
"1129","01370","恒實礦業","恒实矿业"
"1130","01371","華彩控股","华彩控股"
"1131","01372","怡益控股","怡益控股"
"1132","01373","國際家居零售","国际家居零售"
"1133","01375","中州證券","中州证券"
"1134","01378","中國宏橋","中国宏桥"
"1135","01380","中國金石","中国金石"
"1136","01381","粵豐環保","粤丰环保"
"1137","01382","互太紡織","互太纺织"
"1138","01383","太陽世紀集團","太阳世纪集团"
"1139","01385","上海復旦","上海复旦"
"1140","01386","盈進集團","盈进集团"
"1141","01387","人和商業","人和商业"
"1142","01388","安莉芳控股","安莉芳控股"
"1143","01389","美捷控股","美捷控股"
"1144","01393","恒鼎實業","恒鼎实业"
"1145","01395","強泰環保","强泰环保"
"1146","01396","毅德國際","毅德国际"
"1147","01397","碧瑤綠色集團","碧瑶绿色集团"
"1148","01398","工商銀行","工商银行"
"1149","01399","飛毛腿","飞毛腿"
"1150","01400","宏太控股","宏太控股"
"1151","01415","高偉電子","高伟电子"
"1152","01418","盛諾集團","盛诺集团"
"1153","01419","盈健醫療","盈健医疗"
"1154","01420","川控股","川控股"
"1155","01421","工蓋有限公司","工盖有限公司"
"1156","01428","耀才證券金融","耀才证券金融"
"1157","01430","蘇創燃氣","苏创燃气"
"1158","01431","原生態牧業","原生态牧业"
"1159","01432","中國聖牧","中国圣牧"
"1160","01439","中華包裝控股","中华包装控股"
"1161","01443","富臨集團控股","富临集团控股"
"1162","01446","鴻福堂","鸿福堂"
"1163","01447","新福港","新福港"
"1164","01448","福壽園","福寿园"
"1165","01450","世紀睿科","世纪睿科"
"1166","01452","迪諾斯環保","迪诺斯环保"
"1167","01456","國聯證券","国联证券"
"1168","01458","周黑鴨","周黑鸭"
"1169","01459","巨匠建設","巨匠建设"
"1170","01460","揚科集團","扬科集团"
"1171","01461","魯証期貨","鲁证期货"
"1172","01462","金誠控股","金诚控股"
"1173","01466","民生珠寶","民生珠宝"
"1174","01468","英裘控股","英裘控股"
"1175","01469","結好金融","结好金融"
"1176","01470","滴達國際","滴达国际"
"1177","01476","恒投證券","恒投证券"
"1178","01478","丘鈦科技","丘钛科技"
"1179","01480","恩達集團控股","恩达集团控股"
"1180","01483","譽宴集團","誉宴集团"
"1181","01486","思城控股","思城控股"
"1182","01488","百福控股","百福控股"
"1183","01492","中地乳業","中地乳业"
"1184","01495","集一家居","集一家居"
"1185","01496","亞積邦租賃","亚积邦租赁"
"1186","01498","培力控股","培力控股"
"1187","01499","前進控股集團","前进控股集团"
"1188","01500","現恆建築","现恒建筑"
"1189","01508","中國再保險","中国再保险"
"1190","01509","和美醫療","和美医疗"
"1191","01513","麗珠醫藥","丽珠医药"
"1192","01515","華潤鳳凰醫療","华润凤凰医疗"
"1193","01520","時尚環球","时尚环球"
"1194","01522","中國城市軌道科技","中国城市轨道科技"
"1195","01523","珩灣科技","珩湾科技"
"1196","01526","瑞慈醫療","瑞慈医疗"
"1197","01527","天潔環境","天洁环境"
"1198","01528","紅星美凱龍","红星美凯龙"
"1199","01530","三生製藥","三生制药"
"1200","01532","中國派對文化","中国派对文化"
"1201","01533","莊園牧場","庄园牧场"
"1202","01536","煜榮集團","煜荣集团"
"1203","01538","中奧到家","中奥到家"
"1204","01539","滙能集團","滙能集团"
"1205","01543","中盈盛達融資擔保","中盈盛达融资担保"
"1206","01547","IBI GROUP HLDGS","IBI GROUP HLDGS"
"1207","01548","金斯瑞生物科技","金斯瑞生物科技"
"1208","01549","永豐集團控股","永丰集团控股"
"1209","01555","ＭＩ能源","ＭＩ能源"
"1210","01556","建業建榮","建业建荣"
"1211","01557","劍虹集團控股","剑虹集团控股"
"1212","01558","東陽光藥","东阳光药"
"1213","01559","均安控股","均安控股"
"1214","01560","星星地產","星星地产"
"1215","01561","萬輝化工","万辉化工"
"1216","01565","成實外教育","成实外教育"
"1217","01566","華夏動漫","华夏动漫"
"1218","01568","承達集團","承达集团"
"1219","01570","偉業控股","伟业控股"
"1220","01572","中國藝術金融","中国艺术金融"
"1221","01573","中國優質能源","中国优质能源"
"1222","01577","匯鑫小貸","汇鑫小贷"
"1223","01578","天津銀行","天津银行"
"1224","01579","頤海國際","颐海国际"
"1225","01580","大森控股","大森控股"
"1226","01581","進昇集團控股","进升集团控股"
"1227","01583","親親食品","亲亲食品"
"1228","01585","雅迪控股","雅迪控股"
"1229","01586","中國力鴻","中国力鸿"
"1230","01588","暢捷通","畅捷通"
"1231","01589","中國物流資產","中国物流资产"
"1232","01591","汛和集團","汛和集团"
"1233","01596","翼辰實業","翼辰实业"
"1234","01599","城建設計","城建设计"
"1235","01600","天倫燃氣","天伦燃气"
"1236","01606","國銀租賃","国银租赁"
"1237","01608","偉能集團","伟能集团"
"1238","01609","創建集團控股","创建集团控股"
"1239","01610","中糧肉食","中粮肉食"
"1240","01611","桐成控股","桐成控股"
"1241","01612","永勝醫療","永胜医疗"
"1242","01613","協同通信","协同通信"
"1243","01616","銀仕來控股","银仕来控股"
"1244","01617","南方通信","南方通信"
"1245","01618","中國中冶","中国中冶"
"1246","01619","天合化工","天合化工"
"1247","01622","力高地產","力高地产"
"1248","01623","海隆控股","海隆控股"
"1249","01626","嘉耀控股","嘉耀控股"
"1250","01628","禹洲地產","禹洲地产"
"1251","01629","盟科控股","盟科控股"
"1252","01632","膳源控股","膳源控股"
"1253","01633","上諭集團","上谕集团"
"1254","01635","大眾公用","大众公用"
"1255","01636","中國金屬利用","中国金属利用"
"1256","01637","順興集團控股","顺兴集团控股"
"1257","01638","佳兆業集團","佳兆业集团"
"1258","01639","安捷利實業","安捷利实业"
"1259","01658","郵儲銀行","邮储银行"
"1260","01661","智美體育","智美体育"
"1261","01662","義合控股","义合控股"
"1262","01663","漢港控股","汉港控股"
"1263","01666","同仁堂科技","同仁堂科技"
"1264","01668","華南城","华南城"
"1265","01669","環球信貸集團","环球信贷集团"
"1266","01673","華章科技","华章科技"
"1267","01678","中創環球","中创环球"
"1268","01680","澳門勵駿","澳门励骏"
"1269","01681","康臣葯業","康臣药业"
"1270","01682","高銳中國物聯","高锐中国物联"
"1271","01683","良斯集團","良斯集团"
"1272","01685","博耳電力","博耳电力"
"1273","01689","華禧控股","华禧控股"
"1274","01698","博士蛙國際","博士蛙国际"
"1275","01699","普甜食品","普甜食品"
"1276","01700","華地國際控股","华地国际控股"
"1277","01708","三寶科技","三宝科技"
"1278","01717","澳優","澳优"
"1279","01718","宏基集團控股","宏基集团控股"
"1280","01728","正通汽車","正通汽车"
"1281","01733","易大宗","易大宗"
"1282","01738","飛尚無煙煤","飞尚无烟煤"
"1283","01766","中國中車","中国中车"
"1284","01771","新豐泰集團","新丰泰集团"
"1285","01776","廣發証券","广发证券"
"1286","01777","花樣年控股","花样年控股"
"1287","01778","彩生活","彩生活"
"1288","01786","鐵建裝備","铁建装备"
"1289","01788","國泰君安國際","国泰君安国际"
"1290","01798","大唐新能源","大唐新能源"
"1291","01799","新特能源","新特能源"
"1292","01800","中國交通建設","中国交通建设"
"1293","01803","北京體育文化","北京体育文化"
"1294","01808","企展控股","企展控股"
"1295","01811","中廣核新能源","中广核新能源"
"1296","01812","晨鳴紙業","晨鸣纸业"
"1297","01813","合景泰富","合景泰富"
"1298","01816","中廣核電力","中广核电力"
"1299","01818","招金礦業","招金矿业"
"1300","01819","富貴鳥","富贵鸟"
"1301","01822","弘達金融控股","弘达金融控股"
"1302","01823","華昱高速","华昱高速"
"1303","01828","大昌行集團","大昌行集团"
"1304","01829","中國機械工程","中国机械工程"
"1305","01830","必瘦站","必瘦站"
"1306","01831","十方控股","十方控股"
"1307","01833","銀泰商業","银泰商业"
"1308","01836","九興控股","九兴控股"
"1309","01838","CHINAPROPERTIES","CHINAPROPERTIES"
"1310","01848","中國飛機租賃","中国飞机租赁"
"1311","01856","依波路","依波路"
"1312","01858","春立醫療","春立医疗"
"1313","01862","景瑞控股","景瑞控股"
"1314","01863","中國龍天集團","中国龙天集团"
"1315","01866","中國心連心化肥","中国心连心化肥"
"1316","01868","同方友友","同方友友"
"1317","01878","南戈壁—Ｓ","南戈壁—Ｓ"
"1318","01880","百麗國際","百丽国际"
"1319","01882","海天國際","海天国际"
"1320","01883","中信國際電訊","中信国际电讯"
"1321","01884","ＥＰＲＩＮＴ集團","ＥＰＲＩＮＴ集团"
"1322","01885","中國優材","中国优材"
"1323","01886","匯源果汁","汇源果汁"
"1324","01888","建滔積層板","建滔积层板"
"1325","01889","武夷藥業","武夷药业"
"1326","01893","中材股份","中材股份"
"1327","01898","中煤能源","中煤能源"
"1328","01899","興達國際","兴达国际"
"1329","01900","中國智能交通","中国智能交通"
"1330","01908","建發國際集團","建发国际集团"
"1331","01910","新秀麗","新秀丽"
"1332","01913","普拉達","普拉达"
"1333","01918","融創中國","融创中国"
"1334","01919","中遠海控","中远海控"
"1335","01928","金沙中國有限公司","金沙中国有限公司"
"1336","01929","周大福","周大福"
"1337","01938","珠江鋼管","珠江钢管"
"1338","01958","北京汽車","北京汽车"
"1339","01963","重慶銀行","重庆银行"
"1340","01966","中駿置業","中骏置业"
"1341","01970","IMAX CHINA","IMAX CHINA"
"1342","01972","太古地產","太古地产"
"1343","01979","天寶集團","天宝集团"
"1344","01980","天鴿互動","天鸽互动"
"1345","01982","南旋控股","南旋控股"
"1346","01986","彩客化學","彩客化学"
"1347","01988","民生銀行","民生银行"
"1348","01991","大洋集團","大洋集团"
"1349","01993","雅仕維","雅仕维"
"1350","01998","飛克國際","飞克国际"
"1351","01999","敏華控股","敏华控股"
"1352","02000","晨訊科技","晨讯科技"
"1353","02002","陽光紙業","阳光纸业"
"1354","02005","石四藥集團","石四药集团"
"1355","02006","錦江酒店","锦江酒店"
"1356","02007","碧桂園","碧桂园"
"1357","02008","鳳凰衛視","凤凰卫视"
"1358","02009","金隅股份","金隅股份"
"1359","02010","瑞年國際","瑞年国际"
"1360","02011","KEE","KEE"
"1361","02012","陽光油砂","阳光油砂"
"1362","02014","浩澤淨水","浩泽净水"
"1363","02016","浙商銀行","浙商银行"
"1364","02018","瑞聲科技","瑞声科技"
"1365","02020","安踏體育","安踏体育"
"1366","02023","中國綠島科技","中国绿岛科技"
"1367","02028","映美控股","映美控股"
"1368","02030","卡賓","卡宾"
"1369","02031","澳至尊","澳至尊"
"1370","02033","時計寶","时计宝"
"1371","02038","富智康集團","富智康集团"
"1372","02039","中集集團","中集集团"
"1373","02066","盛京銀行","盛京银行"
"1374","02068","中鋁國際","中铝国际"
"1375","02078","榮陽實業","荣阳实业"
"1376","02080","奧克斯國際","奥克斯国际"
"1377","02083","大自然家居","大自然家居"
"1378","02086","龍傑智能卡","龙杰智能卡"
"1379","02088","西王置業","西王置业"
"1380","02098","卓爾集團","卓尔集团"
"1381","02099","中國黃金國際","中国黄金国际"
"1382","02100","百奧家庭互動","百奥家庭互动"
"1383","02111","超盈國際控股","超盈国际控股"
"1384","02112","優庫資源","优库资源"
"1385","02113","東盈控股","东盈控股"
"1386","02118","天山發展控股","天山发展控股"
"1387","02120","康寧醫院","康宁医院"
"1388","02121","一化控股","一化控股"
"1389","02123","金盾控股","金盾控股"
"1390","02128","中國聯塑","中国联塑"
"1391","02133","中國多金屬","中国多金属"
"1392","02136","利福中國","利福中国"
"1393","02138","香港醫思醫療集團","香港医思医疗集团"
"1394","02166","芯智控股","芯智控股"
"1395","02168","盈德氣體","盈德气体"
"1396","02178","百勤油服","百勤油服"
"1397","02183","利福地產","利福地产"
"1398","02186","綠葉製藥","绿叶制药"
"1399","02188","泰坦能源技術","泰坦能源技术"
"1400","02193","萬景控股","万景控股"
"1401","02196","復星醫藥","复星医药"
"1402","02198","中國三江化工","中国三江化工"
"1403","02199","維珍妮","维珍妮"
"1404","02200","浩沙國際","浩沙国际"
"1405","02202","萬科企業","万科企业"
"1406","02208","金風科技","金风科技"
"1407","02211","大健康國際","大健康国际"
"1408","02212","高鵬礦業","高鹏矿业"
"1409","02213","益華控股","益华控股"
"1410","02218","安德利果汁","安德利果汁"
"1411","02221","創業集團控股","创业集团控股"
"1412","02222","雷士照明","雷士照明"
"1413","02223","卡撒天嬌","卡撒天娇"
"1414","02226","老恒和釀造","老恒和酿造"
"1415","02228","中國節能海東青","中国节能海东青"
"1416","02229","長港敦信","长港敦信"
"1417","02233","西部水泥","西部水泥"
"1418","02236","惠生工程","惠生工程"
"1419","02238","廣汽集團","广汽集团"
"1420","02239","國微技術","国微技术"
"1421","02255","海昌海洋公園","海昌海洋公园"
"1422","02268","優源控股","优源控股"
"1423","02277","華融投資股份","华融投资股份"
"1424","02278","海藍控股","海蓝控股"
"1425","02280","慧聰網","慧聪网"
"1426","02282","美高梅中國","美高梅中国"
"1427","02283","東江集團控股","东江集团控股"
"1428","02286","辰興發展","辰兴发展"
"1429","02288","宏基資本","宏基资本"
"1430","02289","創美藥業","创美药业"
"1431","02298","都市麗人","都市丽人"
"1432","02299","百宏實業","百宏实业"
"1433","02300","澳科控股","澳科控股"
"1434","02302","中核國際","中核国际"
"1435","02303","恒興黃金","恒兴黄金"
"1436","02307","錦興國際控股","锦兴国际控股"
"1437","02308","研祥智能","研祥智能"
"1438","02309","伯明翰環球","伯明翰环球"
"1439","02310","申基國際","申基国际"
"1440","02313","申洲國際","申洲国际"
"1441","02314","理文造紙","理文造纸"
"1442","02317","味丹國際","味丹国际"
"1443","02318","中國平安","中国平安"
"1444","02319","蒙牛乳業","蒙牛乳业"
"1445","02320","合豐集團","合丰集团"
"1446","02322","仁瑞投資","仁瑞投资"
"1447","02323","至卓國際","至卓国际"
"1448","02326","百靈達國際控股","百灵达国际控股"
"1449","02327","宇業控股","宇业控股"
"1450","02328","中國財險","中国财险"
"1451","02329","國瑞置業","国瑞置业"
"1452","02330","中國上城","中国上城"
"1453","02331","李寧","李宁"
"1454","02333","長城汽車","长城汽车"
"1455","02336","海亮國際","海亮国际"
"1456","02338","濰柴動力","潍柴动力"
"1457","02339","京西國際","京西国际"
"1458","02340","新昌管理集團","新昌管理集团"
"1459","02341","中怡國際","中怡国际"
"1460","02342","京信通信","京信通信"
"1461","02343","太平洋航運","太平洋航运"
"1462","02345","上海集優","上海集优"
"1463","02348","東瑞製葯","东瑞制药"
"1464","02349","中國城市基礎設施","中国城市基础设施"
"1465","02355","寶業集團","宝业集团"
"1466","02356","大新銀行集團","大新银行集团"
"1467","02357","中航科工","中航科工"
"1468","02358","久融控股","久融控股"
"1469","02362","金川國際","金川国际"
"1470","02366","星美文化旅遊","星美文化旅游"
"1471","02368","鷹美","鹰美"
"1472","02369","酷派集團","酷派集团"
"1473","02371","中國創聯教育","中国创联教育"
"1474","02378","保誠","保诚"
"1475","02379","中天國際","中天国际"
"1476","02380","中國電力","中国电力"
"1477","02382","舜宇光學科技","舜宇光学科技"
"1478","02383","ＴＯＭ集團","ＴＯＭ集团"
"1479","02386","中石化煉化工程","中石化炼化工程"
"1480","02388","中銀香港","中银香港"
"1481","02389","北控醫療健康","北控医疗健康"
"1482","02393","巨星國際控股","巨星国际控股"
"1483","02398","友佳國際","友佳国际"
"1484","02399","虎都","虎都"
"1485","02468","創益太陽能","创益太阳能"
"1486","02488","元征科技","元征科技"
"1487","02588","中銀航空租賃","中银航空租赁"
"1488","02600","中國鋁業","中国铝业"
"1489","02601","中國太保","中国太保"
"1490","02607","上海醫藥","上海医药"
"1491","02608","陽光１００中國","阳光１００中国"
"1492","02623","愛德新能源","爱德新能源"
"1493","02628","中國人壽","中国人寿"
"1494","02633","雅各臣科研製藥","雅各臣科研制药"
"1495","02638","港燈—ＳＳ","港灯—ＳＳ"
"1496","02662","承興國際控股","承兴国际控股"
"1497","02666","環球醫療","环球医疗"
"1498","02668","百德國際","百德国际"
"1499","02669","中海物業","中海物业"
"1500","02678","天虹紡織","天虹纺织"
"1501","02686","亞美能源","亚美能源"
"1502","02688","新奧能源","新奥能源"
"1503","02689","玖龍紙業","玖龙纸业"
"1504","02698","魏橋紡織","魏桥纺织"
"1505","02699","新明中國","新明中国"
"1506","02700","格林國際控股","格林国际控股"
"1507","02722","重慶機電","重庆机电"
"1508","02727","上海電氣","上海电气"
"1509","02728","裕華能源","裕华能源"
"1510","02738","華津國際控股","华津国际控股"
"1511","02768","佳源國際控股","佳源国际控股"
"1512","02777","富力地產","富力地产"
"1513","02788","精熙國際","精熙国际"
"1514","02789","遠大中國","远大中国"
"1515","02799","中國華融","中国华融"
"1516","02866","中遠海發","中远海发"
"1517","02868","首創置業","首创置业"
"1518","02869","綠城服務","绿城服务"
"1519","02877","神威藥業","神威药业"
"1520","02878","SOLOMON SYSTECH","SOLOMON SYSTECH"
"1521","02880","大連港","大连港"
"1522","02882","香港資源控股","香港资源控股"
"1523","02883","中海油田服務","中海油田服务"
"1524","02886","濱海投資","滨海投资"
"1525","02888","渣打集團","渣打集团"
"1526","02889","鎳資源國際","镍资源国际"
"1527","02898","龍潤茶","龙润茶"
"1528","02899","紫金礦業","紫金矿业"
"1529","02920","中芯國際","中芯国际"
"1530","02924","宏安地產","宏安地产"
"1531","02927","金誠控股","金诚控股"
"1532","02929","順昌集團（一萬）","顺昌集团（一万）"
"1533","02930","惠生國際股權","惠生国际股权"
"1534","03300","中國玻璃","中国玻璃"
"1535","03301","融信中國","融信中国"
"1536","03303","巨濤海洋石油服務","巨涛海洋石油服务"
"1537","03306","江南布衣","江南布衣"
"1538","03308","金鷹商貿集團","金鹰商贸集团"
"1539","03311","中國建築國際","中国建筑国际"
"1540","03313","雅高控股","雅高控股"
"1541","03315","金邦達寶嘉","金邦达宝嘉"
"1542","03318","中國香精香料","中国香精香料"
"1543","03320","華潤醫藥","华润医药"
"1544","03322","永嘉集團","永嘉集团"
"1545","03323","中國建材","中国建材"
"1546","03326","保發集團","保发集团"
"1547","03328","交通銀行","交通银行"
"1548","03330","靈寶黃金","灵宝黄金"
"1549","03331","維達國際","维达国际"
"1550","03332","中生聯合","中生联合"
"1551","03333","中國恒大","中国恒大"
"1552","03335","ＤＢＡ電訊","ＤＢＡ电讯"
"1553","03336","巨騰國際","巨腾国际"
"1554","03337","安東油田服務","安东油田服务"
"1555","03339","中國龍工","中国龙工"
"1556","03344","互益集團","互益集团"
"1557","03355","先進半導體","先进半导体"
"1558","03360","遠東宏信","远东宏信"
"1559","03363","正業國際","正业国际"
"1560","03366","華僑城（亞洲）","华侨城（亚洲）"
"1561","03368","百盛集團","百盛集团"
"1562","03369","秦港股份","秦港股份"
"1563","03377","遠洋集團","远洋集团"
"1564","03378","廈門港務","厦门港务"
"1565","03380","龍光地產","龙光地产"
"1566","03382","天津港發展","天津港发展"
"1567","03383","雅居樂集團","雅居乐集团"
"1568","03389","亨得利","亨得利"
"1569","03393","威勝集團","威胜集团"
"1570","03396","聯想控股","联想控股"
"1571","03398","華鼎控股","华鼎控股"
"1572","03399","粵運交通","粤运交通"
"1573","03600","現代牙科","现代牙科"
"1574","03606","福耀玻璃","福耀玻璃"
"1575","03608","永盛新材料","永盛新材料"
"1576","03618","重慶農村商業銀行","重庆农村商业银行"
"1577","03623","集成金融","集成金融"
"1578","03626","HSSP INTL","HSSP INTL"
"1579","03628","仁恒實業控股","仁恒实业控股"
"1580","03633","中裕燃氣","中裕燃气"
"1581","03636","保利文化","保利文化"
"1582","03638","晶芯科技控股","晶芯科技控股"
"1583","03639","億達中國","亿达中国"
"1584","03663","協眾國際控股","协众国际控股"
"1585","03666","小南國","小南国"
"1586","03668","中鋁礦業國際","中铝矿业国际"
"1587","03669","永達汽車","永达汽车"
"1588","03678","弘業期貨","弘业期货"
"1589","03683","榮豐聯合控股","荣丰联合控股"
"1590","03686","祈福生活服務","祈福生活服务"
"1591","03688","萊蒙國際","莱蒙国际"
"1592","03689","康華醫療","康华医疗"
"1593","03698","徽商銀行","徽商银行"
"1594","03708","日成控股","日成控股"
"1595","03709","珂萊蒂爾","珂莱蒂尔"
"1596","03737","中智藥業","中智药业"
"1597","03773","年年卡","年年卡"
"1598","03777","中國光纖","中国光纤"
"1599","03778","中國織材控股","中国织材控股"
"1600","03788","中國罕王","中国罕王"
"1601","03799","達利食品","达利食品"
"1602","03800","保利協鑫能源","保利协鑫能源"
"1603","03808","中國重汽","中国重汽"
"1604","03813","寶勝國際","宝胜国际"
"1605","03816","ＫＦＭ金德","ＫＦＭ金德"
"1606","03818","中國動向","中国动向"
"1607","03822","三和建築集團","三和建筑集团"
"1608","03823","德普科技","德普科技"
"1609","03828","明輝國際","明辉国际"
"1610","03833","新疆新鑫礦業","新疆新鑫矿业"
"1611","03836","和諧汽車","和谐汽车"
"1612","03838","中國澱粉","中国淀粉"
"1613","03839","正大企業國際","正大企业国际"
"1614","03866","青島銀行","青岛银行"
"1615","03868","群星紙業","群星纸业"
"1616","03882","天彩控股","天彩控股"
"1617","03883","中國奧園","中国奥园"
"1618","03886","康健國際醫療","康健国际医疗"
"1619","03888","金山軟件","金山软件"
"1620","03889","大成糖業","大成糖业"
"1621","03893","易緯集團","易纬集团"
"1622","03898","中車時代電氣","中车时代电气"
"1623","03899","中集安瑞科","中集安瑞科"
"1624","03900","綠城中國","绿城中国"
"1625","03903","瀚華金控","瀚华金控"
"1626","03908","中金公司","中金公司"
"1627","03918","金界控股","金界控股"
"1628","03933","聯邦制藥","联邦制药"
"1629","03939","萬國國際礦業","万国国际矿业"
"1630","03948","伊泰煤炭","伊泰煤炭"
"1631","03958","東方證券","东方证券"
"1632","03963","融眾金融","融众金融"
"1633","03966","中國寶豐國際","中国宝丰国际"
"1634","03968","招商銀行","招商银行"
"1635","03969","中國通號","中国通号"
"1636","03983","中海石油化學","中海石油化学"
"1637","03988","中國銀行","中国银行"
"1638","03989","首創環境","首创环境"
"1639","03993","洛陽鉬業","洛阳钼业"
"1640","03996","中國能源建設","中国能源建设"
"1641","03998","波司登","波司登"
"1642","03999","大成食品","大成食品"
"1643","04601","BOC 2014 PREF","BOC 2014 PREF"
"1644","04603","ICBC USDPREF1","ICBC USDPREF1"
"1645","04604","ICBC EURPREF1","ICBC EURPREF1"
"1646","04605","BOCOM 15USDPREF","BOCOM 15USDPREF"
"1647","04606","CCB 15USDPREF","CCB 15USDPREF"
"1648","04607","CINDA 16USDPREF","CINDA 16USDPREF"
"1649","04608","HSBNK 16USDPREF","HSBNK 16USDPREF"
"1650","04609","CMBC 16USDPREF","CMBC 16USDPREF"
"1651","06030","中信証券","中信证券"
"1652","06066","中信建投証券","中信建投证券"
"1653","06099","招商證券","招商证券"
"1654","06108","新銳醫藥","新锐医药"
"1655","06116","拉夏貝爾","拉夏贝尔"
"1656","06118","奧星生命科技","奥星生命科技"
"1657","06123","先達國際物流","先达国际物流"
"1658","06128","泛亞國際","泛亚国际"
"1659","06133","維太移動","维太移动"
"1660","06136","康達環保","康达环保"
"1661","06138","哈爾濱銀行","哈尔滨银行"
"1662","06139","金茂酒店—ＳＳ","金茂酒店—ＳＳ"
"1663","06161","泰加保險","泰加保险"
"1664","06163","彭順國際","彭顺国际"
"1665","06166","中國宏泰發展","中国宏泰发展"
"1666","06168","中國優通","中国优通"
"1667","06178","光大證券","光大证券"
"1668","06183","中國綠寶","中国绿宝"
"1669","06188","迪信通","迪信通"
"1670","06189","愛得威建設集團","爱得威建设集团"
"1671","06196","鄭州銀行","郑州银行"
"1672","06198","青島港","青岛港"
"1673","06808","高鑫零售","高鑫零售"
"1674","06816","PROSPER CONS","PROSPER CONS"
"1675","06818","中國光大銀行","中国光大银行"
"1676","06822","科勁國際","科劲国际"
"1677","06823","香港電訊—ＳＳ","香港电讯—ＳＳ"
"1678","06826","昊海生物科技","昊海生物科技"
"1679","06828","藍天威力","蓝天威力"
"1680","06830","華眾車載","华众车载"
"1681","06833","興科蓉醫藥","兴科蓉医药"
"1682","06836","天韻國際控股","天韵国际控股"
"1683","06837","海通證券","海通证券"
"1684","06838","盈利時","盈利时"
"1685","06839","雲南水務","云南水务"
"1686","06858","本間高爾夫","本间高尔夫"
"1687","06863","輝山乳業","辉山乳业"
"1688","06865","福萊特玻璃","福莱特玻璃"
"1689","06866","佐力小貸","佐力小贷"
"1690","06868","天福","天福"
"1691","06869","長飛光纖光纜","长飞光纤光缆"
"1692","06878","鼎豐集團控股","鼎丰集团控股"
"1693","06880","騰邦控股","腾邦控股"
"1694","06881","中國銀河","中国银河"
"1695","06882","東瀛遊","东瀛游"
"1696","06886","HTSC","HTSC"
"1697","06888","英達公路再生科技","英达公路再生科技"
"1698","06889","DYNAM JAPAN","DYNAM JAPAN"
"1699","06893","衍生集團","衍生集团"
"1700","06896","金嗓子","金嗓子"
"1701","06898","中國鋁罐","中国铝罐"
"1702","06899","聯眾","联众"
"1703","80737","合和公路基建—Ｒ","合和公路基建—Ｒ"
"1704","84602","ICBC CNHPREF1-R","ICBC CNHPREF1-R"
